,0
0,freeCodeCamp/freeCodeCamp
1,996icu/996.ICU
2,EbookFoundation/free-programming-books
3,jwasham/coding-interview-university
4,sindresorhus/awesome
5,kamranahmedse/developer-roadmap
6,donnemartin/system-design-primer
7,facebook/react
8,codecrafters-io/build-your-own-x
9,getify/You-Dont-Know-JS
10,freeCodeCamp/freeCodeCamp
11,EbookFoundation/free-programming-books
12,sindresorhus/awesome
13,public-apis/public-apis
14,donnemartin/system-design-primer
15,vuejs/vue
16,codecrafters-io/build-your-own-x
17,tensorflow/tensorflow
18,getify/You-Dont-Know-JS
19,twbs/bootstrap
20,freeCodeCamp/freeCodeCamp
21,996icu/996.ICU
22,jwasham/coding-interview-university
23,kamranahmedse/developer-roadmap
24,vuejs/vue
25,tensorflow/tensorflow
26,getify/You-Dont-Know-JS
27,CyC2018/CS-Notes
28,trekhleb/javascript-algorithms
29,ohmyzsh/ohmyzsh
30,freeCodeCamp/freeCodeCamp
31,996icu/996.ICU
32,jwasham/coding-interview-university
33,kamranahmedse/developer-roadmap
34,vuejs/vue
35,tensorflow/tensorflow
36,getify/You-Dont-Know-JS
37,trekhleb/javascript-algorithms
38,ohmyzsh/ohmyzsh
39,TheAlgorithms/Python
40,freeCodeCamp/freeCodeCamp
41,996icu/996.ICU
42,jwasham/coding-interview-university
43,kamranahmedse/developer-roadmap
44,vuejs/vue
45,tensorflow/tensorflow
46,getify/You-Dont-Know-JS
47,CyC2018/CS-Notes
48,trekhleb/javascript-algorithms
49,ohmyzsh/ohmyzsh
50,freeCodeCamp/freeCodeCamp
51,996icu/996.ICU
52,jwasham/coding-interview-university
53,kamranahmedse/developer-roadmap
54,vuejs/vue
55,tensorflow/tensorflow
56,getify/You-Dont-Know-JS
57,CyC2018/CS-Notes
58,trekhleb/javascript-algorithms
59,ohmyzsh/ohmyzsh
60,freeCodeCamp/freeCodeCamp
61,jwasham/coding-interview-university
62,kamranahmedse/developer-roadmap
63,getify/You-Dont-Know-JS
64,CyC2018/CS-Notes
65,flutter/flutter
66,github/gitignore
67,microsoft/vscode
68,golang/go
69,30-seconds/30-seconds-of-code
70,996icu/996.ICU
71,EbookFoundation/free-programming-books
72,jwasham/coding-interview-university
73,sindresorhus/awesome
74,kamranahmedse/developer-roadmap
75,public-apis/public-apis
76,vuejs/vue
77,facebook/react
78,codecrafters-io/build-your-own-x
79,tensorflow/tensorflow
80,freeCodeCamp/freeCodeCamp
81,EbookFoundation/free-programming-books
82,jwasham/coding-interview-university
83,sindresorhus/awesome
84,kamranahmedse/developer-roadmap
85,public-apis/public-apis
86,donnemartin/system-design-primer
87,vuejs/vue
88,facebook/react
89,codecrafters-io/build-your-own-x
90,freeCodeCamp/freeCodeCamp
91,996icu/996.ICU
92,jwasham/coding-interview-university
93,sindresorhus/awesome
94,kamranahmedse/developer-roadmap
95,public-apis/public-apis
96,vuejs/vue
97,facebook/react
98,codecrafters-io/build-your-own-x
99,tensorflow/tensorflow
